timestamp;Solarproduktion Tracker 1;Solarproduktion Tracker 2;Solarproduktion
2025-12-01 00:00;0;0;0
2025-12-01 00:15;0;0;0
2025-12-01 00:30;0;0;0
2025-12-01 00:45;0;0;0
2025-12-01 01:00;0;0;0
2025-12-01 01:15;0;0;0
2025-12-01 01:30;0;0;0
2025-12-01 01:45;0;0;0
2025-12-01 02:00;0;0;0
2025-12-01 02:15;0;0;0
2025-12-01 02:30;0;0;0
2025-12-01 02:45;0;0;0
2025-12-01 03:00;0;0;0
2025-12-01 03:15;0;0;0
2025-12-01 03:30;0;0;0
2025-12-01 03:45;0;0;0
2025-12-01 04:00;0;0;0
2025-12-01 04:15;0;0;0
2025-12-01 04:30;0;0;0
2025-12-01 04:45;0;0;0
2025-12-01 05:00;0;0;0
2025-12-01 05:15;0;0;0
2025-12-01 05:30;0;0;0
2025-12-01 05:45;0;0;0
2025-12-01 06:00;0;0;0
2025-12-01 06:15;0;0;0
2025-12-01 06:30;0;0;0
2025-12-01 06:45;0;0;0
2025-12-01 07:00;0;0;0
2025-12-01 07:15;0;0;0
2025-12-01 07:30;0;0;0
2025-12-01 07:45;0;0;0
2025-12-01 08:00;0;0;0
2025-12-01 08:15;0;1;1
2025-12-01 08:30;16;5;21
2025-12-01 08:45;64;10;74
2025-12-01 09:00;294;16;310
2025-12-01 09:15;360;18;378
2025-12-01 09:30;388;20;408
2025-12-01 09:45;556;27;583
2025-12-01 10:00;646;29;675
2025-12-01 10:15;612;28;640
2025-12-01 10:30;668;32;700
2025-12-01 10:45;782;52;834
2025-12-01 11:00;860;77;937
2025-12-01 11:15;864;103;967
2025-12-01 11:30;840;127;967
2025-12-01 11:45;622;115;737
2025-12-01 12:00;514;104;618
2025-12-01 12:15;574;118;692
2025-12-01 12:30;738;161;899
2025-12-01 12:45;824;199;1023
2025-12-01 13:00;820;219;1039
2025-12-01 13:15;742;218;960
2025-12-01 13:30;686;219;905
2025-12-01 13:45;656;227;883
2025-12-01 14:00;554;206;760
2025-12-01 14:15;648;252;900
2025-12-01 14:30;572;246;818
2025-12-01 14:45;478;226;704
2025-12-01 15:00;366;195;561
2025-12-01 15:15;290;160;450
2025-12-01 15:30;204;96;300
2025-12-01 15:45;128;59;187
2025-12-01 16:00;64;31;95
2025-12-01 16:15;26;17;43
2025-12-01 16:30;2;5;7
2025-12-01 16:45;0;0;0
2025-12-01 17:00;0;0;0
2025-12-01 17:15;0;0;0
2025-12-01 17:30;0;0;0
2025-12-01 17:45;0;0;0
2025-12-01 18:00;0;0;0
2025-12-01 18:15;0;0;0
2025-12-01 18:30;0;0;0
2025-12-01 18:45;0;0;0
2025-12-01 19:00;0;0;0
2025-12-01 19:15;0;0;0
2025-12-01 19:30;0;0;0
2025-12-01 19:45;0;0;0
2025-12-01 20:00;0;0;0
2025-12-01 20:15;0;0;0
2025-12-01 20:30;0;0;0
2025-12-01 20:45;0;0;0
2025-12-01 21:00;0;0;0
2025-12-01 21:15;0;0;0
2025-12-01 21:30;0;0;0
2025-12-01 21:45;0;0;0
2025-12-01 22:00;0;0;0
2025-12-01 22:15;0;0;0
2025-12-01 22:30;0;0;0
2025-12-01 22:45;0;0;0
2025-12-01 23:00;0;0;0
2025-12-01 23:15;0;0;0
2025-12-01 23:30;0;0;0
2025-12-01 23:45;0;0;0
2025-12-02 00:00;0;0;0
2025-12-02 00:15;0;0;0
2025-12-02 00:30;0;0;0
2025-12-02 00:45;0;0;0
2025-12-02 01:00;0;0;0
2025-12-02 01:15;0;0;0
2025-12-02 01:30;0;0;0
2025-12-02 01:45;0;0;0
2025-12-02 02:00;0;0;0
2025-12-02 02:15;0;0;0
2025-12-02 02:30;0;0;0
2025-12-02 02:45;0;0;0
2025-12-02 03:00;0;0;0
2025-12-02 03:15;0;0;0
2025-12-02 03:30;0;0;0
2025-12-02 03:45;0;0;0
2025-12-02 04:00;0;0;0
2025-12-02 04:15;0;0;0
2025-12-02 04:30;0;0;0
2025-12-02 04:45;0;0;0
2025-12-02 05:00;0;0;0
2025-12-02 05:15;0;0;0
2025-12-02 05:30;0;0;0
2025-12-02 05:45;0;0;0
2025-12-02 06:00;0;0;0
2025-12-02 06:15;0;0;0
2025-12-02 06:30;0;0;0
2025-12-02 06:45;0;0;0
2025-12-02 07:00;0;0;0
2025-12-02 07:15;0;0;0
2025-12-02 07:30;0;0;0
2025-12-02 07:45;0;0;0
2025-12-02 08:00;0;0;0
2025-12-02 08:15;4;3;7
2025-12-02 08:30;10;2;12
2025-12-02 08:45;46;6;52
2025-12-02 09:00;112;15;127
2025-12-02 09:15;144;26;170
2025-12-02 09:30;100;31;131
2025-12-02 09:45;112;37;149
2025-12-02 10:00;92;32;124
2025-12-02 10:15;116;35;151
2025-12-02 10:30;112;34;146
2025-12-02 10:45;116;39;155
2025-12-02 11:00;178;56;234
2025-12-02 11:15;242;72;314
2025-12-02 11:30;232;69;301
2025-12-02 11:45;218;63;281
2025-12-02 12:00;166;55;221
2025-12-02 12:15;138;46;184
2025-12-02 12:30;142;48;190
2025-12-02 12:45;140;50;190
2025-12-02 13:00;136;45;181
2025-12-02 13:15;154;55;209
2025-12-02 13:30;138;50;188
2025-12-02 13:45;100;35;135
2025-12-02 14:00;92;32;124
2025-12-02 14:15;106;37;143
2025-12-02 14:30;82;29;111
2025-12-02 14:45;82;32;114
2025-12-02 15:00;56;19;75
2025-12-02 15:15;42;12;54
2025-12-02 15:30;36;12;48
2025-12-02 15:45;30;10;40
2025-12-02 16:00;22;7;29
2025-12-02 16:15;8;2;10
2025-12-02 16:30;0;0;0
2025-12-02 16:45;0;0;0
2025-12-02 17:00;0;0;0
2025-12-02 17:15;0;0;0
2025-12-02 17:30;0;0;0
2025-12-02 17:45;0;0;0
2025-12-02 18:00;0;0;0
2025-12-02 18:15;0;0;0
2025-12-02 18:30;0;0;0
2025-12-02 18:45;0;0;0
2025-12-02 19:00;0;0;0
2025-12-02 19:15;0;0;0
2025-12-02 19:30;0;0;0
2025-12-02 19:45;0;0;0
2025-12-02 20:00;0;0;0
2025-12-02 20:15;0;0;0
2025-12-02 20:30;0;0;0
2025-12-02 20:45;0;0;0
2025-12-02 21:00;0;0;0
2025-12-02 21:15;0;0;0
2025-12-02 21:30;0;0;0
2025-12-02 21:45;0;0;0
2025-12-02 22:00;0;0;0
2025-12-02 22:15;0;0;0
2025-12-02 22:30;0;0;0
2025-12-02 22:45;0;0;0
2025-12-02 23:00;0;0;0
2025-12-02 23:15;0;0;0
2025-12-02 23:30;0;0;0
2025-12-02 23:45;0;0;0
2025-12-03 00:00;0;0;0
2025-12-03 00:15;0;0;0
2025-12-03 00:30;0;0;0
2025-12-03 00:45;0;0;0
2025-12-03 01:00;0;0;0
2025-12-03 01:15;0;0;0
2025-12-03 01:30;0;0;0
2025-12-03 01:45;0;0;0
2025-12-03 02:00;0;0;0
2025-12-03 02:15;0;0;0
2025-12-03 02:30;0;0;0
2025-12-03 02:45;0;0;0
2025-12-03 03:00;0;0;0
2025-12-03 03:15;0;0;0
2025-12-03 03:30;0;0;0
2025-12-03 03:45;0;0;0
2025-12-03 04:00;0;0;0
2025-12-03 04:15;0;0;0
2025-12-03 04:30;0;0;0
2025-12-03 04:45;0;0;0
2025-12-03 05:00;0;0;0
2025-12-03 05:15;0;0;0
2025-12-03 05:30;0;0;0
2025-12-03 05:45;0;0;0
2025-12-03 06:00;0;0;0
2025-12-03 06:15;0;0;0
2025-12-03 06:30;0;0;0
2025-12-03 06:45;0;0;0
2025-12-03 07:00;0;0;0
2025-12-03 07:15;0;0;0
2025-12-03 07:30;0;0;0
2025-12-03 07:45;0;0;0
2025-12-03 08:00;0;0;0
2025-12-03 08:15;0;0;0
2025-12-03 08:30;4;2;6
2025-12-03 08:45;6;5;11
2025-12-03 09:00;10;8;18
2025-12-03 09:15;12;10;22
2025-12-03 09:30;32;14;46
2025-12-03 09:45;48;19;67
2025-12-03 10:00;58;24;82
2025-12-03 10:15;74;29;103
2025-12-03 10:30;82;32;114
2025-12-03 10:45;94;35;129
2025-12-03 11:00;102;38;140
2025-12-03 11:15;114;42;156
2025-12-03 11:30;174;63;237
2025-12-03 11:45;196;67;263
2025-12-03 12:00;166;56;222
2025-12-03 12:15;116;43;159
2025-12-03 12:30;132;48;180
2025-12-03 12:45;156;57;213
2025-12-03 13:00;146;52;198
2025-12-03 13:15;162;60;222
2025-12-03 13:30;192;73;265
2025-12-03 13:45;268;102;370
2025-12-03 14:00;288;109;397
2025-12-03 14:15;348;138;486
2025-12-03 14:30;432;185;617
2025-12-03 14:45;452;211;663
2025-12-03 15:00;344;173;517
2025-12-03 15:15;176;77;253
2025-12-03 15:30;112;45;157
2025-12-03 15:45;76;28;104
2025-12-03 16:00;88;28;116
2025-12-03 16:15;8;8;16
2025-12-03 16:30;0;1;1
2025-12-03 16:45;0;0;0
2025-12-03 17:00;0;0;0
2025-12-03 17:15;0;0;0
2025-12-03 17:30;0;0;0
2025-12-03 17:45;0;0;0
2025-12-03 18:00;0;0;0
2025-12-03 18:15;0;0;0
2025-12-03 18:30;0;0;0
2025-12-03 18:45;0;0;0
2025-12-03 19:00;0;0;0
2025-12-03 19:15;0;0;0
2025-12-03 19:30;0;0;0
2025-12-03 19:45;0;0;0
2025-12-03 20:00;0;0;0
2025-12-03 20:15;0;0;0
2025-12-03 20:30;0;0;0
2025-12-03 20:45;0;0;0
2025-12-03 21:00;0;0;0
2025-12-03 21:15;0;0;0
2025-12-03 21:30;0;0;0
2025-12-03 21:45;0;0;0
2025-12-03 22:00;0;0;0
2025-12-03 22:15;0;0;0
2025-12-03 22:30;0;0;0
2025-12-03 22:45;0;0;0
2025-12-03 23:00;0;0;0
2025-12-03 23:15;0;0;0
2025-12-03 23:30;0;0;0
2025-12-03 23:45;0;0;0
2025-12-04 00:00;0;0;0
2025-12-04 00:15;0;0;0
2025-12-04 00:30;0;0;0
2025-12-04 00:45;0;0;0
2025-12-04 01:00;0;0;0
2025-12-04 01:15;0;0;0
2025-12-04 01:30;0;0;0
2025-12-04 01:45;0;0;0
2025-12-04 02:00;0;0;0
2025-12-04 02:15;0;0;0
2025-12-04 02:30;0;0;0
2025-12-04 02:45;0;0;0
2025-12-04 03:00;0;0;0
2025-12-04 03:15;0;0;0
2025-12-04 03:30;0;0;0
2025-12-04 03:45;0;0;0
2025-12-04 04:00;0;0;0
2025-12-04 04:15;0;0;0
2025-12-04 04:30;0;0;0
2025-12-04 04:45;0;0;0
2025-12-04 05:00;0;0;0
2025-12-04 05:15;0;0;0
2025-12-04 05:30;0;0;0
2025-12-04 05:45;0;0;0
2025-12-04 06:00;0;0;0
2025-12-04 06:15;0;0;0
2025-12-04 06:30;0;0;0
2025-12-04 06:45;0;0;0
2025-12-04 07:00;0;0;0
2025-12-04 07:15;0;0;0
2025-12-04 07:30;0;0;0
2025-12-04 07:45;0;0;0
2025-12-04 08:00;0;0;0
2025-12-04 08:15;0;0;0
2025-12-04 08:30;0;0;0
2025-12-04 08:45;0;0;0
2025-12-04 09:00;0;0;0
2025-12-04 09:15;6;4;10
2025-12-04 09:30;4;5;9
2025-12-04 09:45;2;4;6
2025-12-04 10:00;4;4;8
2025-12-04 10:15;8;6;14
2025-12-04 10:30;4;6;10
2025-12-04 10:45;8;7;15
2025-12-04 11:00;20;11;31
2025-12-04 11:15;24;11;35
2025-12-04 11:30;20;9;29
2025-12-04 11:45;28;12;40
2025-12-04 12:00;42;18;60
2025-12-04 12:15;42;17;59
2025-12-04 12:30;32;14;46
2025-12-04 12:45;42;17;59
2025-12-04 13:00;44;18;62
2025-12-04 13:15;46;18;64
2025-12-04 13:30;36;16;52
2025-12-04 13:45;44;18;62
2025-12-04 14:00;40;17;57
2025-12-04 14:15;38;17;55
2025-12-04 14:30;22;10;32
2025-12-04 14:45;20;8;28
2025-12-04 15:00;12;7;19
2025-12-04 15:15;18;9;27
2025-12-04 15:30;8;5;13
2025-12-04 15:45;2;4;6
2025-12-04 16:00;2;1;3
2025-12-04 16:15;0;0;0
2025-12-04 16:30;0;0;0
2025-12-04 16:45;0;0;0
2025-12-04 17:00;0;0;0
2025-12-04 17:15;0;0;0
2025-12-04 17:30;0;0;0
2025-12-04 17:45;0;0;0
2025-12-04 18:00;0;0;0
2025-12-04 18:15;0;0;0
2025-12-04 18:30;0;0;0
2025-12-04 18:45;0;0;0
2025-12-04 19:00;0;0;0
2025-12-04 19:15;0;0;0
2025-12-04 19:30;0;0;0
2025-12-04 19:45;0;0;0
2025-12-04 20:00;0;0;0
2025-12-04 20:15;0;0;0
2025-12-04 20:30;0;0;0
2025-12-04 20:45;0;0;0
2025-12-04 21:00;0;0;0
2025-12-04 21:15;0;0;0
2025-12-04 21:30;0;0;0
2025-12-04 21:45;0;0;0
2025-12-04 22:00;0;0;0
2025-12-04 22:15;0;0;0
2025-12-04 22:30;0;0;0
2025-12-04 22:45;0;0;0
2025-12-04 23:00;0;0;0
2025-12-04 23:15;0;0;0
2025-12-04 23:30;0;0;0
2025-12-04 23:45;0;0;0
2025-12-05 00:00;0;0;0
2025-12-05 00:15;0;0;0
2025-12-05 00:30;0;0;0
2025-12-05 00:45;0;0;0
2025-12-05 01:00;0;0;0
2025-12-05 01:15;0;0;0
2025-12-05 01:30;0;0;0
2025-12-05 01:45;0;0;0
2025-12-05 02:00;0;0;0
2025-12-05 02:15;0;0;0
2025-12-05 02:30;0;0;0
2025-12-05 02:45;0;0;0
2025-12-05 03:00;0;0;0
2025-12-05 03:15;0;0;0
2025-12-05 03:30;0;0;0
2025-12-05 03:45;0;0;0
2025-12-05 04:00;0;0;0
2025-12-05 04:15;0;0;0
2025-12-05 04:30;0;0;0
2025-12-05 04:45;0;0;0
2025-12-05 05:00;0;0;0
2025-12-05 05:15;0;0;0
2025-12-05 05:30;0;0;0
2025-12-05 05:45;0;0;0
2025-12-05 06:00;0;0;0
2025-12-05 06:15;0;0;0
2025-12-05 06:30;0;0;0
2025-12-05 06:45;0;0;0
2025-12-05 07:00;0;0;0
2025-12-05 07:15;0;0;0
2025-12-05 07:30;0;0;0
2025-12-05 07:45;0;0;0
2025-12-05 08:00;0;0;0
2025-12-05 08:15;0;0;0
2025-12-05 08:30;0;0;0
2025-12-05 08:45;0;0;0
2025-12-05 09:00;2;2;4
2025-12-05 09:15;4;4;8
2025-12-05 09:30;8;7;15
2025-12-05 09:45;40;17;57
2025-12-05 10:00;76;26;102
2025-12-05 10:15;84;27;111
2025-12-05 10:30;64;22;86
2025-12-05 10:45;216;63;279
2025-12-05 11:00;548;103;651
2025-12-05 11:15;440;99;539
2025-12-05 11:30;256;62;318
2025-12-05 11:45;192;62;254
2025-12-05 12:00;148;57;205
2025-12-05 12:15;176;62;238
2025-12-05 12:30;160;56;216
2025-12-05 12:45;148;54;202
2025-12-05 13:00;122;42;164
2025-12-05 13:15;100;38;138
2025-12-05 13:30;106;40;146
2025-12-05 13:45;88;34;122
2025-12-05 14:00;72;29;101
2025-12-05 14:15;158;61;219
2025-12-05 14:30;118;42;160
2025-12-05 14:45;80;30;110
2025-12-05 15:00;44;15;59
2025-12-05 15:15;24;10;34
2025-12-05 15:30;8;7;15
2025-12-05 15:45;18;11;29
2025-12-05 16:00;14;6;20
2025-12-05 16:15;0;0;0
2025-12-05 16:30;0;0;0
2025-12-05 16:45;0;0;0
2025-12-05 17:00;0;0;0
2025-12-05 17:15;0;0;0
2025-12-05 17:30;0;0;0
2025-12-05 17:45;0;0;0
2025-12-05 18:00;0;0;0
2025-12-05 18:15;0;0;0
2025-12-05 18:30;0;0;0
2025-12-05 18:45;0;0;0
2025-12-05 19:00;0;0;0
2025-12-05 19:15;0;0;0
2025-12-05 19:30;0;0;0
2025-12-05 19:45;0;0;0
2025-12-05 20:00;0;0;0
2025-12-05 20:15;0;0;0
2025-12-05 20:30;0;0;0
2025-12-05 20:45;0;0;0
2025-12-05 21:00;0;0;0
2025-12-05 21:15;0;0;0
2025-12-05 21:30;0;0;0
2025-12-05 21:45;0;0;0
2025-12-05 22:00;0;0;0
2025-12-05 22:15;0;0;0
2025-12-05 22:30;0;0;0
2025-12-05 22:45;0;0;0
2025-12-05 23:00;0;0;0
2025-12-05 23:15;0;0;0
2025-12-05 23:30;0;0;0
2025-12-05 23:45;0;0;0
2025-12-06 00:00;0;0;0
2025-12-06 00:15;0;0;0
2025-12-06 00:30;0;0;0
2025-12-06 00:45;0;0;0
2025-12-06 01:00;0;0;0
2025-12-06 01:15;0;0;0
2025-12-06 01:30;0;0;0
2025-12-06 01:45;0;0;0
2025-12-06 02:00;0;0;0
2025-12-06 02:15;0;0;0
2025-12-06 02:30;0;0;0
2025-12-06 02:45;0;0;0
2025-12-06 03:00;0;0;0
2025-12-06 03:15;0;0;0
2025-12-06 03:30;0;0;0
2025-12-06 03:45;0;0;0
2025-12-06 04:00;0;0;0
2025-12-06 04:15;0;0;0
2025-12-06 04:30;0;0;0
2025-12-06 04:45;0;0;0
2025-12-06 05:00;0;0;0
2025-12-06 05:15;0;0;0
2025-12-06 05:30;0;0;0
2025-12-06 05:45;0;0;0
2025-12-06 06:00;0;0;0
2025-12-06 06:15;0;0;0
2025-12-06 06:30;0;0;0
2025-12-06 06:45;0;0;0
2025-12-06 07:00;0;0;0
2025-12-06 07:15;0;0;0
2025-12-06 07:30;0;0;0
2025-12-06 07:45;0;0;0
2025-12-06 08:00;0;0;0
2025-12-06 08:15;0;0;0
2025-12-06 08:30;0;0;0
2025-12-06 08:45;0;0;0
2025-12-06 09:00;4;4;8
2025-12-06 09:15;16;7;23
2025-12-06 09:30;4;5;9
2025-12-06 09:45;16;7;23
2025-12-06 10:00;20;10;30
2025-12-06 10:15;28;12;40
2025-12-06 10:30;96;31;127
2025-12-06 10:45;144;52;196
2025-12-06 11:00;286;70;356
2025-12-06 11:15;106;38;144
2025-12-06 11:30;64;26;90
2025-12-06 11:45;224;62;286
2025-12-06 12:00;312;85;397
2025-12-06 12:15;158;53;211
2025-12-06 12:30;126;46;172
2025-12-06 12:45;42;16;58
2025-12-06 13:00;118;43;161
2025-12-06 13:15;92;35;127
2025-12-06 13:30;58;23;81
2025-12-06 13:45;40;15;55
2025-12-06 14:00;44;17;61
2025-12-06 14:15;50;19;69
2025-12-06 14:30;52;20;72
2025-12-06 14:45;44;17;61
2025-12-06 15:00;48;18;66
2025-12-06 15:15;26;11;37
2025-12-06 15:30;10;8;18
2025-12-06 15:45;28;12;40
2025-12-06 16:00;14;7;21
2025-12-06 16:15;6;6;12
2025-12-06 16:30;0;0;0
2025-12-06 16:45;0;0;0
2025-12-06 17:00;0;0;0
2025-12-06 17:15;0;0;0
2025-12-06 17:30;0;0;0
2025-12-06 17:45;0;0;0
2025-12-06 18:00;0;0;0
2025-12-06 18:15;0;0;0
2025-12-06 18:30;0;0;0
2025-12-06 18:45;0;0;0
2025-12-06 19:00;0;0;0
2025-12-06 19:15;0;0;0
2025-12-06 19:30;0;0;0
2025-12-06 19:45;0;0;0
2025-12-06 20:00;0;0;0
2025-12-06 20:15;0;0;0
2025-12-06 20:30;0;0;0
2025-12-06 20:45;0;0;0
2025-12-06 21:00;0;0;0
2025-12-06 21:15;0;0;0
2025-12-06 21:30;0;0;0
2025-12-06 21:45;0;0;0
2025-12-06 22:00;0;0;0
2025-12-06 22:15;0;0;0
2025-12-06 22:30;0;0;0
2025-12-06 22:45;0;0;0
2025-12-06 23:00;0;0;0
2025-12-06 23:15;0;0;0
2025-12-06 23:30;0;0;0
2025-12-06 23:45;0;0;0
2025-12-07 00:00;0;0;0
2025-12-07 00:15;0;0;0
2025-12-07 00:30;0;0;0
2025-12-07 00:45;0;0;0
2025-12-07 01:00;0;0;0
2025-12-07 01:15;0;0;0
2025-12-07 01:30;0;0;0
2025-12-07 01:45;0;0;0
2025-12-07 02:00;0;0;0
2025-12-07 02:15;0;0;0
2025-12-07 02:30;0;0;0
2025-12-07 02:45;0;0;0
2025-12-07 03:00;0;0;0
2025-12-07 03:15;0;0;0
2025-12-07 03:30;0;0;0
2025-12-07 03:45;0;0;0
2025-12-07 04:00;0;0;0
2025-12-07 04:15;0;0;0
2025-12-07 04:30;0;0;0
2025-12-07 04:45;0;0;0
2025-12-07 05:00;0;0;0
2025-12-07 05:15;0;0;0
2025-12-07 05:30;0;0;0
2025-12-07 05:45;0;0;0
2025-12-07 06:00;0;0;0
2025-12-07 06:15;0;0;0
2025-12-07 06:30;0;0;0
2025-12-07 06:45;0;0;0
2025-12-07 07:00;0;0;0
2025-12-07 07:15;0;0;0
2025-12-07 07:30;0;0;0
2025-12-07 07:45;0;0;0
2025-12-07 08:00;0;0;0
2025-12-07 08:15;0;0;0
2025-12-07 08:30;0;0;0
2025-12-07 08:45;0;0;0
2025-12-07 09:00;0;0;0
2025-12-07 09:15;8;7;15
2025-12-07 09:30;44;15;59
2025-12-07 09:45;66;22;88
2025-12-07 10:00;50;20;70
2025-12-07 10:15;56;22;78
2025-12-07 10:30;70;27;97
2025-12-07 10:45;60;25;85
2025-12-07 11:00;116;44;160
2025-12-07 11:15;210;62;272
2025-12-07 11:30;352;81;433
2025-12-07 11:45;372;91;463
2025-12-07 12:00;252;86;338
2025-12-07 12:15;316;89;405
2025-12-07 12:30;272;75;347
2025-12-07 12:45;194;61;255
2025-12-07 13:00;154;58;212
2025-12-07 13:15;86;33;119
2025-12-07 13:30;62;23;85
2025-12-07 13:45;72;28;100
2025-12-07 14:00;36;13;49
2025-12-07 14:15;36;14;50
2025-12-07 14:30;40;15;55
2025-12-07 14:45;48;18;66
2025-12-07 15:00;54;21;75
2025-12-07 15:15;36;13;49
2025-12-07 15:30;26;11;37
2025-12-07 15:45;8;5;13
2025-12-07 16:00;4;0;4
2025-12-07 16:15;0;0;0
2025-12-07 16:30;0;0;0
2025-12-07 16:45;0;0;0
2025-12-07 17:00;0;0;0
2025-12-07 17:15;0;0;0
2025-12-07 17:30;0;0;0
2025-12-07 17:45;0;0;0
2025-12-07 18:00;0;0;0
2025-12-07 18:15;0;0;0
2025-12-07 18:30;0;0;0
2025-12-07 18:45;0;0;0
2025-12-07 19:00;0;0;0
2025-12-07 19:15;0;0;0
2025-12-07 19:30;0;0;0
2025-12-07 19:45;0;0;0
2025-12-07 20:00;0;0;0
2025-12-07 20:15;0;0;0
2025-12-07 20:30;0;0;0
2025-12-07 20:45;0;0;0
2025-12-07 21:00;0;0;0
2025-12-07 21:15;0;0;0
2025-12-07 21:30;0;0;0
2025-12-07 21:45;0;0;0
2025-12-07 22:00;0;0;0
2025-12-07 22:15;0;0;0
2025-12-07 22:30;0;0;0
2025-12-07 22:45;0;0;0
2025-12-07 23:00;0;0;0
2025-12-07 23:15;0;0;0
2025-12-07 23:30;0;0;0
2025-12-07 23:45;0;0;0
2025-12-08 00:00;0;0;0
2025-12-08 00:15;0;0;0
2025-12-08 00:30;0;0;0
2025-12-08 00:45;0;0;0
2025-12-08 01:00;0;0;0
2025-12-08 01:15;0;0;0
2025-12-08 01:30;0;0;0
2025-12-08 01:45;0;0;0
2025-12-08 02:00;0;0;0
2025-12-08 02:15;0;0;0
2025-12-08 02:30;0;0;0
2025-12-08 02:45;0;0;0
2025-12-08 03:00;0;0;0
2025-12-08 03:15;0;0;0
2025-12-08 03:30;0;0;0
2025-12-08 03:45;0;0;0
2025-12-08 04:00;0;0;0
2025-12-08 04:15;0;0;0
2025-12-08 04:30;0;0;0
2025-12-08 04:45;0;0;0
2025-12-08 05:00;0;0;0
2025-12-08 05:15;0;0;0
2025-12-08 05:30;0;0;0
2025-12-08 05:45;0;0;0
2025-12-08 06:00;0;0;0
2025-12-08 06:15;0;0;0
2025-12-08 06:30;0;0;0
2025-12-08 06:45;0;0;0
2025-12-08 07:00;0;0;0
2025-12-08 07:15;0;0;0
2025-12-08 07:30;0;0;0
2025-12-08 07:45;0;0;0
2025-12-08 08:00;0;0;0
2025-12-08 08:15;0;0;0
2025-12-08 08:30;2;2;4
2025-12-08 08:45;18;6;24
2025-12-08 09:00;52;15;67
2025-12-08 09:15;196;32;228
2025-12-08 09:30;316;41;357
2025-12-08 09:45;376;50;426
2025-12-08 10:00;220;45;265
2025-12-08 10:15;200;43;243
2025-12-08 10:30;260;41;301
2025-12-08 10:45;332;47;379
2025-12-08 11:00;442;58;500
2025-12-08 11:15;588;78;666
2025-12-08 11:30;478;80;558
2025-12-08 11:45;260;65;325
2025-12-08 12:00;380;88;468
2025-12-08 12:15;660;135;795
2025-12-08 12:30;640;146;786
2025-12-08 12:45;792;194;986
2025-12-08 13:00;862;232;1094
2025-12-08 13:15;718;212;930
2025-12-08 13:30;492;164;656
2025-12-08 13:45;264;100;364
2025-12-08 14:00;150;64;214
2025-12-08 14:15;134;53;187
2025-12-08 14:30;100;39;139
2025-12-08 14:45;68;28;96
2025-12-08 15:00;40;17;57
2025-12-08 15:15;8;5;13
2025-12-08 15:30;2;3;5
2025-12-08 15:45;2;1;3
2025-12-08 16:00;0;1;1
2025-12-08 16:15;0;0;0
2025-12-08 16:30;0;0;0
2025-12-08 16:45;0;0;0
2025-12-08 17:00;0;0;0
2025-12-08 17:15;0;0;0
2025-12-08 17:30;0;0;0
2025-12-08 17:45;0;0;0
2025-12-08 18:00;0;0;0
2025-12-08 18:15;0;0;0
2025-12-08 18:30;0;0;0
2025-12-08 18:45;0;0;0
2025-12-08 19:00;0;0;0
2025-12-08 19:15;0;0;0
2025-12-08 19:30;0;0;0
2025-12-08 19:45;0;0;0
2025-12-08 20:00;0;0;0
2025-12-08 20:15;0;0;0
2025-12-08 20:30;0;0;0
2025-12-08 20:45;0;0;0
2025-12-08 21:00;0;0;0
2025-12-08 21:15;0;0;0
2025-12-08 21:30;0;0;0
2025-12-08 21:45;0;0;0
2025-12-08 22:00;0;0;0
2025-12-08 22:15;0;0;0
2025-12-08 22:30;0;0;0
2025-12-08 22:45;0;0;0
2025-12-08 23:00;0;0;0
2025-12-08 23:15;0;0;0
2025-12-08 23:30;0;0;0
2025-12-08 23:45;0;0;0
2025-12-09 00:00;0;0;0
2025-12-09 00:15;0;0;0
2025-12-09 00:30;0;0;0
2025-12-09 00:45;0;0;0
2025-12-09 01:00;0;0;0
2025-12-09 01:15;0;0;0
2025-12-09 01:30;0;0;0
2025-12-09 01:45;0;0;0
2025-12-09 02:00;0;0;0
2025-12-09 02:15;0;0;0
2025-12-09 02:30;0;0;0
2025-12-09 02:45;0;0;0
2025-12-09 03:00;0;0;0
2025-12-09 03:15;0;0;0
2025-12-09 03:30;0;0;0
2025-12-09 03:45;0;0;0
2025-12-09 04:00;0;0;0
2025-12-09 04:15;0;0;0
2025-12-09 04:30;0;0;0
2025-12-09 04:45;0;0;0
2025-12-09 05:00;0;0;0
2025-12-09 05:15;0;0;0
2025-12-09 05:30;0;0;0
2025-12-09 05:45;0;0;0
2025-12-09 06:00;0;0;0
2025-12-09 06:15;0;0;0
2025-12-09 06:30;0;0;0
2025-12-09 06:45;0;0;0
2025-12-09 07:00;0;0;0
2025-12-09 07:15;0;0;0
2025-12-09 07:30;0;0;0
2025-12-09 07:45;0;0;0
2025-12-09 08:00;0;0;0
2025-12-09 08:15;0;0;0
2025-12-09 08:30;0;0;0
2025-12-09 08:45;4;3;7
2025-12-09 09:00;8;6;14
2025-12-09 09:15;44;14;58
2025-12-09 09:30;68;20;88
2025-12-09 09:45;132;32;164
2025-12-09 10:00;132;30;162
2025-12-09 10:15;140;34;174
2025-12-09 10:30;186;48;234
2025-12-09 10:45;282;55;337
2025-12-09 11:00;512;56;568
2025-12-09 11:15;794;75;869
2025-12-09 11:30;858;99;957
2025-12-09 11:45;654;99;753
2025-12-09 12:00;746;126;872
2025-12-09 12:15;884;159;1043
2025-12-09 12:30;696;143;839
2025-12-09 12:45;592;133;725
2025-12-09 13:00;668;167;835
2025-12-09 13:15;788;217;1005
2025-12-09 13:30;736;224;960
2025-12-09 13:45;686;230;916
2025-12-09 14:00;650;236;886
2025-12-09 14:15;568;211;779
2025-12-09 14:30;480;202;682
2025-12-09 14:45;416;191;607
2025-12-09 15:00;304;172;476
2025-12-09 15:15;246;145;391
2025-12-09 15:30;162;76;238
2025-12-09 15:45;96;43;139
2025-12-09 16:00;44;22;66
2025-12-09 16:15;14;11;25
2025-12-09 16:30;0;1;1
2025-12-09 16:45;0;0;0
2025-12-09 17:00;0;0;0
2025-12-09 17:15;0;0;0
2025-12-09 17:30;0;0;0
2025-12-09 17:45;0;0;0
2025-12-09 18:00;0;0;0
2025-12-09 18:15;0;0;0
2025-12-09 18:30;0;0;0
2025-12-09 18:45;0;0;0
2025-12-09 19:00;0;0;0
2025-12-09 19:15;0;0;0
2025-12-09 19:30;0;0;0
2025-12-09 19:45;0;0;0
2025-12-09 20:00;0;0;0
2025-12-09 20:15;0;0;0
2025-12-09 20:30;0;0;0
2025-12-09 20:45;0;0;0
2025-12-09 21:00;0;0;0
2025-12-09 21:15;0;0;0
2025-12-09 21:30;0;0;0
2025-12-09 21:45;0;0;0
2025-12-09 22:00;0;0;0
2025-12-09 22:15;0;0;0
2025-12-09 22:30;0;0;0
2025-12-09 22:45;0;0;0
2025-12-09 23:00;0;0;0
2025-12-09 23:15;0;0;0
2025-12-09 23:30;0;0;0
2025-12-09 23:45;0;0;0
2025-12-10 00:00;0;0;0
2025-12-10 00:15;0;0;0
2025-12-10 00:30;0;0;0
2025-12-10 00:45;0;0;0
2025-12-10 01:00;0;0;0
2025-12-10 01:15;0;0;0
2025-12-10 01:30;0;0;0
2025-12-10 01:45;0;0;0
2025-12-10 02:00;0;0;0
2025-12-10 02:15;0;0;0
2025-12-10 02:30;0;0;0
2025-12-10 02:45;0;0;0
2025-12-10 03:00;0;0;0
2025-12-10 03:15;0;0;0
2025-12-10 03:30;0;0;0
2025-12-10 03:45;0;0;0
2025-12-10 04:00;0;0;0
2025-12-10 04:15;0;0;0
2025-12-10 04:30;0;0;0
2025-12-10 04:45;0;0;0
2025-12-10 05:00;0;0;0
2025-12-10 05:15;0;0;0
2025-12-10 05:30;0;0;0
2025-12-10 05:45;0;0;0
2025-12-10 06:00;0;0;0
2025-12-10 06:15;0;0;0
2025-12-10 06:30;0;0;0
2025-12-10 06:45;0;0;0
2025-12-10 07:00;0;0;0
2025-12-10 07:15;0;0;0
2025-12-10 07:30;0;0;0
2025-12-10 07:45;0;0;0
2025-12-10 08:00;0;0;0
2025-12-10 08:15;0;0;0
2025-12-10 08:30;0;0;0
2025-12-10 08:45;2;1;3
2025-12-10 09:00;4;2;6
2025-12-10 09:15;8;5;13
2025-12-10 09:30;8;3;11
2025-12-10 09:45;12;6;18
2025-12-10 10:00;20;7;27
2025-12-10 10:15;40;14;54
2025-12-10 10:30;44;15;59
2025-12-10 10:45;42;15;57
2025-12-10 11:00;58;21;79
2025-12-10 11:15;48;18;66
2025-12-10 11:30;48;17;65
2025-12-10 11:45;56;20;76
2025-12-10 12:00;60;21;81
2025-12-10 12:15;56;20;76
2025-12-10 12:30;44;16;60
2025-12-10 12:45;54;20;74
2025-12-10 13:00;56;20;76
2025-12-10 13:15;62;23;85
2025-12-10 13:30;54;21;75
2025-12-10 13:45;50;17;67
2025-12-10 14:00;44;15;59
2025-12-10 14:15;44;16;60
2025-12-10 14:30;28;9;37
2025-12-10 14:45;20;6;26
2025-12-10 15:00;10;4;14
2025-12-10 15:15;10;7;17
2025-12-10 15:30;20;7;27
2025-12-10 15:45;8;5;13
2025-12-10 16:00;6;3;9
2025-12-10 16:15;2;0;2
2025-12-10 16:30;0;0;0
2025-12-10 16:45;0;0;0
2025-12-10 17:00;0;0;0
2025-12-10 17:15;0;0;0
2025-12-10 17:30;0;0;0
2025-12-10 17:45;0;0;0
2025-12-10 18:00;0;0;0
2025-12-10 18:15;0;0;0
2025-12-10 18:30;0;0;0
2025-12-10 18:45;0;0;0
2025-12-10 19:00;0;0;0
2025-12-10 19:15;0;0;0
2025-12-10 19:30;0;0;0
2025-12-10 19:45;0;0;0
2025-12-10 20:00;0;0;0
2025-12-10 20:15;0;0;0
2025-12-10 20:30;0;0;0
2025-12-10 20:45;0;0;0
2025-12-10 21:00;0;0;0
2025-12-10 21:15;0;0;0
2025-12-10 21:30;0;0;0
2025-12-10 21:45;0;0;0
2025-12-10 22:00;0;0;0
2025-12-10 22:15;0;0;0
2025-12-10 22:30;0;0;0
2025-12-10 22:45;0;0;0
2025-12-10 23:00;0;0;0
2025-12-10 23:15;0;0;0
2025-12-10 23:30;0;0;0
2025-12-10 23:45;0;0;0
2025-12-11 00:00;0;0;0
2025-12-11 00:15;0;0;0
2025-12-11 00:30;0;0;0
2025-12-11 00:45;0;0;0
2025-12-11 01:00;0;0;0
2025-12-11 01:15;0;0;0
2025-12-11 01:30;0;0;0
2025-12-11 01:45;0;0;0
2025-12-11 02:00;0;0;0
2025-12-11 02:15;0;0;0
2025-12-11 02:30;0;0;0
2025-12-11 02:45;0;0;0
2025-12-11 03:00;0;0;0
2025-12-11 03:15;0;0;0
2025-12-11 03:30;0;0;0
2025-12-11 03:45;0;0;0
2025-12-11 04:00;0;0;0
2025-12-11 04:15;0;0;0
2025-12-11 04:30;0;0;0
2025-12-11 04:45;0;0;0
2025-12-11 05:00;0;0;0
2025-12-11 05:15;0;0;0
2025-12-11 05:30;0;0;0
2025-12-11 05:45;0;0;0
2025-12-11 06:00;0;0;0
2025-12-11 06:15;0;0;0
2025-12-11 06:30;0;0;0
2025-12-11 06:45;0;0;0
2025-12-11 07:00;0;0;0
2025-12-11 07:15;0;0;0
2025-12-11 07:30;0;0;0
2025-12-11 07:45;0;0;0
2025-12-11 08:00;0;0;0
2025-12-11 08:15;0;0;0
2025-12-11 08:30;0;0;0
2025-12-11 08:45;2;1;3
2025-12-11 09:00;16;6;22
2025-12-11 09:15;58;11;69
2025-12-11 09:30;142;17;159
2025-12-11 09:45;218;24;242
2025-12-11 10:00;254;39;293
2025-12-11 10:15;198;37;235
2025-12-11 10:30;136;37;173
2025-12-11 10:45;148;47;195
2025-12-11 11:00;140;48;188
2025-12-11 11:15;114;41;155
2025-12-11 11:30;92;36;128
2025-12-11 11:45;94;35;129
2025-12-11 12:00;106;39;145
2025-12-11 12:15;182;61;243
2025-12-11 12:30;180;63;243
2025-12-11 12:45;160;58;218
2025-12-11 13:00;210;73;283
2025-12-11 13:15;174;66;240
2025-12-11 13:30;248;90;338
2025-12-11 13:45;238;94;332
2025-12-11 14:00;140;60;200
2025-12-11 14:15;98;45;143
2025-12-11 14:30;72;34;106
2025-12-11 14:45;52;21;73
2025-12-11 15:00;42;19;61
2025-12-11 15:15;36;15;51
2025-12-11 15:30;32;13;45
2025-12-11 15:45;10;6;16
2025-12-11 16:00;4;2;6
2025-12-11 16:15;0;0;0
2025-12-11 16:30;0;0;0
2025-12-11 16:45;0;0;0
2025-12-11 17:00;0;0;0
2025-12-11 17:15;0;0;0
2025-12-11 17:30;0;0;0
2025-12-11 17:45;0;0;0
2025-12-11 18:00;0;0;0
2025-12-11 18:15;0;0;0
2025-12-11 18:30;0;0;0
2025-12-11 18:45;0;0;0
2025-12-11 19:00;0;0;0
2025-12-11 19:15;0;0;0
2025-12-11 19:30;0;0;0
2025-12-11 19:45;0;0;0
2025-12-11 20:00;0;0;0
2025-12-11 20:15;0;0;0
2025-12-11 20:30;0;0;0
2025-12-11 20:45;0;0;0
2025-12-11 21:00;0;0;0
2025-12-11 21:15;0;0;0
2025-12-11 21:30;0;0;0
2025-12-11 21:45;0;0;0
2025-12-11 22:00;0;0;0
2025-12-11 22:15;0;0;0
2025-12-11 22:30;0;0;0
2025-12-11 22:45;0;0;0
2025-12-11 23:00;0;0;0
2025-12-11 23:15;0;0;0
2025-12-11 23:30;0;0;0
2025-12-11 23:45;0;0;0
2025-12-12 00:00;0;0;0
2025-12-12 00:15;0;0;0
2025-12-12 00:30;0;0;0
2025-12-12 00:45;0;0;0
2025-12-12 01:00;0;0;0
2025-12-12 01:15;0;0;0
2025-12-12 01:30;0;0;0
2025-12-12 01:45;0;0;0
2025-12-12 02:00;0;0;0
2025-12-12 02:15;0;0;0
2025-12-12 02:30;0;0;0
2025-12-12 02:45;0;0;0
2025-12-12 03:00;0;0;0
2025-12-12 03:15;0;0;0
2025-12-12 03:30;0;0;0
2025-12-12 03:45;0;0;0
2025-12-12 04:00;0;0;0
2025-12-12 04:15;0;0;0
2025-12-12 04:30;0;0;0
2025-12-12 04:45;0;0;0
2025-12-12 05:00;0;0;0
2025-12-12 05:15;0;0;0
2025-12-12 05:30;0;0;0
2025-12-12 05:45;0;0;0
2025-12-12 06:00;0;0;0
2025-12-12 06:15;0;0;0
2025-12-12 06:30;0;0;0
2025-12-12 06:45;0;0;0
2025-12-12 07:00;0;0;0
2025-12-12 07:15;0;0;0
2025-12-12 07:30;0;0;0
2025-12-12 07:45;0;0;0
2025-12-12 08:00;0;0;0
2025-12-12 08:15;0;0;0
2025-12-12 08:30;0;0;0
2025-12-12 08:45;0;1;1
2025-12-12 09:00;6;5;11
2025-12-12 09:15;8;8;16
2025-12-12 09:30;36;13;49
2025-12-12 09:45;62;21;83
2025-12-12 10:00;62;22;84
2025-12-12 10:15;74;25;99
2025-12-12 10:30;80;28;108
2025-12-12 10:45;104;35;139
2025-12-12 11:00;120;40;160
2025-12-12 11:15;124;43;167
2025-12-12 11:30;152;51;203
2025-12-12 11:45;140;48;188
2025-12-12 12:00;156;52;208
2025-12-12 12:15;166;55;221
2025-12-12 12:30;174;58;232
2025-12-12 12:45;218;72;290
2025-12-12 13:00;230;76;306
2025-12-12 13:15;212;72;284
2025-12-12 13:30;272;92;364
2025-12-12 13:45;248;89;337
2025-12-12 14:00;282;106;388
2025-12-12 14:15;290;120;410
2025-12-12 14:30;422;185;607
2025-12-12 14:45;362;166;528
2025-12-12 15:00;260;136;396
2025-12-12 15:15;198;118;316
2025-12-12 15:30;120;60;180
2025-12-12 15:45;90;43;133
2025-12-12 16:00;44;23;67
2025-12-12 16:15;14;11;25
2025-12-12 16:30;2;2;4
2025-12-12 16:45;0;0;0
2025-12-12 17:00;0;0;0
2025-12-12 17:15;0;0;0
2025-12-12 17:30;0;0;0
2025-12-12 17:45;0;0;0
2025-12-12 18:00;0;0;0
2025-12-12 18:15;0;0;0
2025-12-12 18:30;0;0;0
2025-12-12 18:45;0;0;0
2025-12-12 19:00;0;0;0
2025-12-12 19:15;0;0;0
2025-12-12 19:30;0;0;0
2025-12-12 19:45;0;0;0
2025-12-12 20:00;0;0;0
2025-12-12 20:15;0;0;0
2025-12-12 20:30;0;0;0
2025-12-12 20:45;0;0;0
2025-12-12 21:00;0;0;0
2025-12-12 21:15;0;0;0
2025-12-12 21:30;0;0;0
2025-12-12 21:45;0;0;0
2025-12-12 22:00;0;0;0
2025-12-12 22:15;0;0;0
2025-12-12 22:30;0;0;0
2025-12-12 22:45;0;0;0
2025-12-12 23:00;0;0;0
2025-12-12 23:15;0;0;0
2025-12-12 23:30;0;0;0
2025-12-12 23:45;0;0;0
2025-12-13 00:00;0;0;0
2025-12-13 00:15;0;0;0
2025-12-13 00:30;0;0;0
2025-12-13 00:45;0;0;0
2025-12-13 01:00;0;0;0
2025-12-13 01:15;0;0;0
2025-12-13 01:30;0;0;0
2025-12-13 01:45;0;0;0
2025-12-13 02:00;0;0;0
2025-12-13 02:15;0;0;0
2025-12-13 02:30;0;0;0
2025-12-13 02:45;0;0;0
2025-12-13 03:00;0;0;0
2025-12-13 03:15;0;0;0
2025-12-13 03:30;0;0;0
2025-12-13 03:45;0;0;0
2025-12-13 04:00;0;0;0
2025-12-13 04:15;0;0;0
2025-12-13 04:30;0;0;0
2025-12-13 04:45;0;0;0
2025-12-13 05:00;0;0;0
2025-12-13 05:15;0;0;0
2025-12-13 05:30;0;0;0
2025-12-13 05:45;0;0;0
2025-12-13 06:00;0;0;0
2025-12-13 06:15;0;0;0
2025-12-13 06:30;0;0;0
2025-12-13 06:45;0;0;0
2025-12-13 07:00;0;0;0
2025-12-13 07:15;0;0;0
2025-12-13 07:30;0;0;0
2025-12-13 07:45;0;0;0
2025-12-13 08:00;0;0;0
2025-12-13 08:15;0;0;0
2025-12-13 08:30;0;0;0
2025-12-13 08:45;0;0;0
2025-12-13 09:00;0;1;1
2025-12-13 09:15;12;9;21
2025-12-13 09:30;28;10;38
2025-12-13 09:45;42;15;57
2025-12-13 10:00;74;26;100
2025-12-13 10:15;90;32;122
2025-12-13 10:30;82;29;111
2025-12-13 10:45;76;30;106
2025-12-13 11:00;64;24;88
2025-12-13 11:15;60;24;84
2025-12-13 11:30;60;23;83
2025-12-13 11:45;76;29;105
2025-12-13 12:00;176;56;232
2025-12-13 12:15;142;48;190
2025-12-13 12:30;118;43;161
2025-12-13 12:45;116;43;159
2025-12-13 13:00;128;48;176
2025-12-13 13:15;152;61;213
2025-12-13 13:30;128;48;176
2025-12-13 13:45;64;25;89
2025-12-13 14:00;56;23;79
2025-12-13 14:15;56;23;79
2025-12-13 14:30;54;20;74
2025-12-13 14:45;60;24;84
2025-12-13 15:00;42;17;59
2025-12-13 15:15;22;9;31
2025-12-13 15:30;4;4;8
2025-12-13 15:45;2;2;4
2025-12-13 16:00;0;0;0
2025-12-13 16:15;0;0;0
2025-12-13 16:30;0;0;0
2025-12-13 16:45;0;0;0
2025-12-13 17:00;0;0;0
2025-12-13 17:15;0;0;0
2025-12-13 17:30;0;0;0
2025-12-13 17:45;0;0;0
2025-12-13 18:00;0;0;0
2025-12-13 18:15;0;0;0
2025-12-13 18:30;0;0;0
2025-12-13 18:45;0;0;0
2025-12-13 19:00;0;0;0
2025-12-13 19:15;0;0;0
2025-12-13 19:30;0;0;0
2025-12-13 19:45;0;0;0
2025-12-13 20:00;0;0;0
2025-12-13 20:15;0;0;0
2025-12-13 20:30;0;0;0
2025-12-13 20:45;0;0;0
2025-12-13 21:00;0;0;0
2025-12-13 21:15;0;0;0
2025-12-13 21:30;0;0;0
2025-12-13 21:45;0;0;0
2025-12-13 22:00;0;0;0
2025-12-13 22:15;0;0;0
2025-12-13 22:30;0;0;0
2025-12-13 22:45;0;0;0
2025-12-13 23:00;0;0;0
2025-12-13 23:15;0;0;0
2025-12-13 23:30;0;0;0
2025-12-13 23:45;0;0;0
2025-12-14 00:00;0;0;0
2025-12-14 00:15;0;0;0
2025-12-14 00:30;0;0;0
2025-12-14 00:45;0;0;0
2025-12-14 01:00;0;0;0
2025-12-14 01:15;0;0;0
2025-12-14 01:30;0;0;0
2025-12-14 01:45;0;0;0
2025-12-14 02:00;0;0;0
2025-12-14 02:15;0;0;0
2025-12-14 02:30;0;0;0
2025-12-14 02:45;0;0;0
2025-12-14 03:00;0;0;0
2025-12-14 03:15;0;0;0
2025-12-14 03:30;0;0;0
2025-12-14 03:45;0;0;0
2025-12-14 04:00;0;0;0
2025-12-14 04:15;0;0;0
2025-12-14 04:30;0;0;0
2025-12-14 04:45;0;0;0
2025-12-14 05:00;0;0;0
2025-12-14 05:15;0;0;0
2025-12-14 05:30;0;0;0
2025-12-14 05:45;0;0;0
2025-12-14 06:00;0;0;0
2025-12-14 06:15;0;0;0
2025-12-14 06:30;0;0;0
2025-12-14 06:45;0;0;0
2025-12-14 07:00;0;0;0
2025-12-14 07:15;0;0;0
2025-12-14 07:30;0;0;0
2025-12-14 07:45;0;0;0
2025-12-14 08:00;0;0;0
2025-12-14 08:15;0;0;0
2025-12-14 08:30;0;0;0
2025-12-14 08:45;0;0;0
2025-12-14 09:00;0;0;0
2025-12-14 09:15;0;0;0
2025-12-14 09:30;6;4;10
2025-12-14 09:45;6;7;13
2025-12-14 10:00;8;8;16
2025-12-14 10:15;20;8;28
2025-12-14 10:30;24;10;34
2025-12-14 10:45;34;13;47
2025-12-14 11:00;34;13;47
2025-12-14 11:15;40;15;55
2025-12-14 11:30;44;18;62
2025-12-14 11:45;44;17;61
2025-12-14 12:00;46;18;64
2025-12-14 12:15;48;19;67
2025-12-14 12:30;48;19;67
2025-12-14 12:45;46;18;64
2025-12-14 13:00;44;17;61
2025-12-14 13:15;48;19;67
2025-12-14 13:30;46;17;63
2025-12-14 13:45;42;16;58
2025-12-14 14:00;36;16;52
2025-12-14 14:15;34;13;47
2025-12-14 14:30;26;11;37
2025-12-14 14:45;20;8;28
2025-12-14 15:00;12;5;17
2025-12-14 15:15;6;4;10
2025-12-14 15:30;2;3;5
2025-12-14 15:45;4;1;5
2025-12-14 16:00;0;1;1
2025-12-14 16:15;0;0;0
2025-12-14 16:30;0;0;0
2025-12-14 16:45;0;0;0
2025-12-14 17:00;0;0;0
2025-12-14 17:15;0;0;0
2025-12-14 17:30;0;0;0
2025-12-14 17:45;0;0;0
2025-12-14 18:00;0;0;0
2025-12-14 18:15;0;0;0
2025-12-14 18:30;0;0;0
2025-12-14 18:45;0;0;0
2025-12-14 19:00;0;0;0
2025-12-14 19:15;0;0;0
2025-12-14 19:30;0;0;0
2025-12-14 19:45;0;0;0
2025-12-14 20:00;0;0;0
2025-12-14 20:15;0;0;0
2025-12-14 20:30;0;0;0
2025-12-14 20:45;0;0;0
2025-12-14 21:00;0;0;0
2025-12-14 21:15;0;0;0
2025-12-14 21:30;0;0;0
2025-12-14 21:45;0;0;0
2025-12-14 22:00;0;0;0
2025-12-14 22:15;0;0;0
2025-12-14 22:30;0;0;0
2025-12-14 22:45;0;0;0
2025-12-14 23:00;0;0;0
2025-12-14 23:15;0;0;0
2025-12-14 23:30;0;0;0
2025-12-14 23:45;0;0;0
2025-12-15 00:00;0;0;0
2025-12-15 00:15;0;0;0
2025-12-15 00:30;0;0;0
2025-12-15 00:45;0;0;0
2025-12-15 01:00;0;0;0
2025-12-15 01:15;0;0;0
2025-12-15 01:30;0;0;0
2025-12-15 01:45;0;0;0
2025-12-15 02:00;0;0;0
2025-12-15 02:15;0;0;0
2025-12-15 02:30;0;0;0
2025-12-15 02:45;0;0;0
2025-12-15 03:00;0;0;0
2025-12-15 03:15;0;0;0
2025-12-15 03:30;0;0;0
2025-12-15 03:45;0;0;0
2025-12-15 04:00;0;0;0
2025-12-15 04:15;0;0;0
2025-12-15 04:30;0;0;0
2025-12-15 04:45;0;0;0
2025-12-15 05:00;0;0;0
2025-12-15 05:15;0;0;0
2025-12-15 05:30;0;0;0
2025-12-15 05:45;0;0;0
2025-12-15 06:00;0;0;0
2025-12-15 06:15;0;0;0
2025-12-15 06:30;0;0;0
2025-12-15 06:45;0;0;0
2025-12-15 07:00;0;0;0
2025-12-15 07:15;0;0;0
2025-12-15 07:30;0;0;0
2025-12-15 07:45;0;0;0
2025-12-15 08:00;0;0;0
2025-12-15 08:15;0;0;0
2025-12-15 08:30;0;0;0
2025-12-15 08:45;0;0;0
2025-12-15 09:00;4;2;6
2025-12-15 09:15;6;6;12
2025-12-15 09:30;14;9;23
2025-12-15 09:45;36;13;49
2025-12-15 10:00;76;25;101
2025-12-15 10:15;74;25;99
2025-12-15 10:30;130;40;170
2025-12-15 10:45;102;37;139
2025-12-15 11:00;96;33;129
2025-12-15 11:15;110;37;147
2025-12-15 11:30;148;46;194
2025-12-15 11:45;120;41;161
2025-12-15 12:00;108;40;148
2025-12-15 12:15;100;37;137
2025-12-15 12:30;104;36;140
2025-12-15 12:45;130;47;177
2025-12-15 13:00;144;48;192
2025-12-15 13:15;234;73;307
2025-12-15 13:30;370;117;487
2025-12-15 13:45;442;151;593
2025-12-15 14:00;584;216;800
2025-12-15 14:15;536;205;741
2025-12-15 14:30;510;209;719
2025-12-15 14:45;482;213;695
2025-12-15 15:00;288;153;441
2025-12-15 15:15;192;121;313
2025-12-15 15:30;92;41;133
2025-12-15 15:45;44;19;63
2025-12-15 16:00;36;20;56
2025-12-15 16:15;16;12;28
2025-12-15 16:30;4;4;8
2025-12-15 16:45;0;0;0
2025-12-15 17:00;0;0;0
2025-12-15 17:15;0;0;0
2025-12-15 17:30;0;0;0
2025-12-15 17:45;0;0;0
2025-12-15 18:00;0;0;0
2025-12-15 18:15;0;0;0
2025-12-15 18:30;0;0;0
2025-12-15 18:45;0;0;0
2025-12-15 19:00;0;0;0
2025-12-15 19:15;0;0;0
2025-12-15 19:30;0;0;0
2025-12-15 19:45;0;0;0
2025-12-15 20:00;0;0;0
2025-12-15 20:15;0;0;0
2025-12-15 20:30;0;0;0
2025-12-15 20:45;0;0;0
2025-12-15 21:00;0;0;0
2025-12-15 21:15;0;0;0
2025-12-15 21:30;0;0;0
2025-12-15 21:45;0;0;0
2025-12-15 22:00;0;0;0
2025-12-15 22:15;0;0;0
2025-12-15 22:30;0;0;0
2025-12-15 22:45;0;0;0
2025-12-15 23:00;0;0;0
2025-12-15 23:15;0;0;0
2025-12-15 23:30;0;0;0
2025-12-15 23:45;0;0;0
2025-12-16 00:00;0;0;0
2025-12-16 00:15;0;0;0
2025-12-16 00:30;0;0;0
2025-12-16 00:45;0;0;0
2025-12-16 01:00;0;0;0
2025-12-16 01:15;0;0;0
2025-12-16 01:30;0;0;0
2025-12-16 01:45;0;0;0
2025-12-16 02:00;0;0;0
2025-12-16 02:15;0;0;0
2025-12-16 02:30;0;0;0
2025-12-16 02:45;0;0;0
2025-12-16 03:00;0;0;0
2025-12-16 03:15;0;0;0
2025-12-16 03:30;0;0;0
2025-12-16 03:45;0;0;0
2025-12-16 04:00;0;0;0
2025-12-16 04:15;0;0;0
2025-12-16 04:30;0;0;0
2025-12-16 04:45;0;0;0
2025-12-16 05:00;0;0;0
2025-12-16 05:15;0;0;0
2025-12-16 05:30;0;0;0
2025-12-16 05:45;0;0;0
2025-12-16 06:00;0;0;0
2025-12-16 06:15;0;0;0
2025-12-16 06:30;0;0;0
2025-12-16 06:45;0;0;0
2025-12-16 07:00;0;0;0
2025-12-16 07:15;0;0;0
2025-12-16 07:30;0;0;0
2025-12-16 07:45;0;0;0
2025-12-16 08:00;0;0;0
2025-12-16 08:15;0;0;0
2025-12-16 08:30;0;1;1
2025-12-16 08:45;4;2;6
2025-12-16 09:00;6;4;10
2025-12-16 09:15;8;6;14
2025-12-16 09:30;10;8;18
2025-12-16 09:45;24;9;33
2025-12-16 10:00;40;13;53
2025-12-16 10:15;80;25;105
2025-12-16 10:30;104;31;135
2025-12-16 10:45;132;40;172
2025-12-16 11:00;170;54;224
2025-12-16 11:15;210;66;276
2025-12-16 11:30;228;72;300
2025-12-16 11:45;248;75;323
2025-12-16 12:00;260;81;341
2025-12-16 12:15;196;68;264
2025-12-16 12:30;172;57;229
2025-12-16 12:45;194;63;257
2025-12-16 13:00;258;83;341
2025-12-16 13:15;212;74;286
2025-12-16 13:30;154;59;213
2025-12-16 13:45;162;60;222
2025-12-16 14:00;136;51;187
2025-12-16 14:15;108;42;150
2025-12-16 14:30;104;40;144
2025-12-16 14:45;80;32;112
2025-12-16 15:00;64;27;91
2025-12-16 15:15;52;20;72
2025-12-16 15:30;38;14;52
2025-12-16 15:45;38;17;55
2025-12-16 16:00;20;8;28
2025-12-16 16:15;6;4;10
2025-12-16 16:30;2;0;2
2025-12-16 16:45;0;0;0
2025-12-16 17:00;0;0;0
2025-12-16 17:15;0;0;0
2025-12-16 17:30;0;0;0
2025-12-16 17:45;0;0;0
2025-12-16 18:00;0;0;0
2025-12-16 18:15;0;0;0
2025-12-16 18:30;0;0;0
2025-12-16 18:45;0;0;0
2025-12-16 19:00;0;0;0
2025-12-16 19:15;0;0;0
2025-12-16 19:30;0;0;0
2025-12-16 19:45;0;0;0
2025-12-16 20:00;0;0;0
2025-12-16 20:15;0;0;0
2025-12-16 20:30;0;0;0
2025-12-16 20:45;0;0;0
2025-12-16 21:00;0;0;0
2025-12-16 21:15;0;0;0
2025-12-16 21:30;0;0;0
2025-12-16 21:45;0;0;0
2025-12-16 22:00;0;0;0
2025-12-16 22:15;0;0;0
2025-12-16 22:30;0;0;0
2025-12-16 22:45;0;0;0
2025-12-16 23:00;0;0;0
2025-12-16 23:15;0;0;0
2025-12-16 23:30;0;0;0
2025-12-16 23:45;0;0;0
2025-12-17 00:00;0;0;0
2025-12-17 00:15;0;0;0
2025-12-17 00:30;0;0;0
2025-12-17 00:45;0;0;0
2025-12-17 01:00;0;0;0
2025-12-17 01:15;0;0;0
2025-12-17 01:30;0;0;0
2025-12-17 01:45;0;0;0
2025-12-17 02:00;0;0;0
2025-12-17 02:15;0;0;0
2025-12-17 02:30;0;0;0
2025-12-17 02:45;0;0;0
2025-12-17 03:00;0;0;0
2025-12-17 03:15;0;0;0
2025-12-17 03:30;0;0;0
2025-12-17 03:45;0;0;0
2025-12-17 04:00;0;0;0
2025-12-17 04:15;0;0;0
2025-12-17 04:30;0;0;0
2025-12-17 04:45;0;0;0
2025-12-17 05:00;0;0;0
2025-12-17 05:15;0;0;0
2025-12-17 05:30;0;0;0
2025-12-17 05:45;0;0;0
2025-12-17 06:00;0;0;0
2025-12-17 06:15;0;0;0
2025-12-17 06:30;0;0;0
2025-12-17 06:45;0;0;0
2025-12-17 07:00;0;0;0
2025-12-17 07:15;0;0;0
2025-12-17 07:30;0;0;0
2025-12-17 07:45;0;0;0
2025-12-17 08:00;0;0;0
2025-12-17 08:15;0;0;0
2025-12-17 08:30;0;0;0
2025-12-17 08:45;0;0;0
2025-12-17 09:00;4;3;7
2025-12-17 09:15;10;8;18
2025-12-17 09:30;42;15;57
2025-12-17 09:45;64;22;86
2025-12-17 10:00;62;22;84
2025-12-17 10:15;74;24;98
2025-12-17 10:30;84;30;114
2025-12-17 10:45;132;45;177
2025-12-17 11:00;164;54;218
2025-12-17 11:15;178;57;235
2025-12-17 11:30;206;65;271
2025-12-17 11:45;188;60;248
2025-12-17 12:00;142;48;190
2025-12-17 12:15;86;32;118
2025-12-17 12:30;96;35;131
2025-12-17 12:45;78;28;106
2025-12-17 13:00;70;27;97
2025-12-17 13:15;84;32;116
2025-12-17 13:30;74;27;101
2025-12-17 13:45;70;26;96
2025-12-17 14:00;64;25;89
2025-12-17 14:15;54;22;76
2025-12-17 14:30;62;24;86
2025-12-17 14:45;52;22;74
2025-12-17 15:00;40;16;56
2025-12-17 15:15;36;15;51
2025-12-17 15:30;28;13;41
2025-12-17 15:45;24;10;34
2025-12-17 16:00;12;8;20
2025-12-17 16:15;4;3;7
2025-12-17 16:30;0;0;0
2025-12-17 16:45;0;0;0
2025-12-17 17:00;0;0;0
2025-12-17 17:15;0;0;0
2025-12-17 17:30;0;0;0
2025-12-17 17:45;0;0;0
2025-12-17 18:00;0;0;0
2025-12-17 18:15;0;0;0
2025-12-17 18:30;0;0;0
2025-12-17 18:45;0;0;0
2025-12-17 19:00;0;0;0
2025-12-17 19:15;0;0;0
2025-12-17 19:30;0;0;0
2025-12-17 19:45;0;0;0
2025-12-17 20:00;0;0;0
2025-12-17 20:15;0;0;0
2025-12-17 20:30;0;0;0
2025-12-17 20:45;0;0;0
2025-12-17 21:00;0;0;0
2025-12-17 21:15;0;0;0
2025-12-17 21:30;0;0;0
2025-12-17 21:45;0;0;0
2025-12-17 22:00;0;0;0
2025-12-17 22:15;0;0;0
2025-12-17 22:30;0;0;0
2025-12-17 22:45;0;0;0
2025-12-17 23:00;0;0;0
2025-12-17 23:15;0;0;0
2025-12-17 23:30;0;0;0
2025-12-17 23:45;0;0;0
2025-12-18 00:00;0;0;0
2025-12-18 00:15;0;0;0
2025-12-18 00:30;0;0;0
2025-12-18 00:45;0;0;0
2025-12-18 01:00;0;0;0
2025-12-18 01:15;0;0;0
2025-12-18 01:30;0;0;0
2025-12-18 01:45;0;0;0
2025-12-18 02:00;0;0;0
2025-12-18 02:15;0;0;0
2025-12-18 02:30;0;0;0
2025-12-18 02:45;0;0;0
2025-12-18 03:00;0;0;0
2025-12-18 03:15;0;0;0
2025-12-18 03:30;0;0;0
2025-12-18 03:45;0;0;0
2025-12-18 04:00;0;0;0
2025-12-18 04:15;0;0;0
2025-12-18 04:30;0;0;0
2025-12-18 04:45;0;0;0
2025-12-18 05:00;0;0;0
2025-12-18 05:15;0;0;0
2025-12-18 05:30;0;0;0
2025-12-18 05:45;0;0;0
2025-12-18 06:00;0;0;0
2025-12-18 06:15;0;0;0
2025-12-18 06:30;0;0;0
2025-12-18 06:45;0;0;0
2025-12-18 07:00;0;0;0
2025-12-18 07:15;0;0;0
2025-12-18 07:30;0;0;0
2025-12-18 07:45;0;0;0
2025-12-18 08:00;0;0;0
2025-12-18 08:15;0;0;0
2025-12-18 08:30;0;0;0
2025-12-18 08:45;12;6;18
2025-12-18 09:00;60;15;75
2025-12-18 09:15;176;26;202
2025-12-18 09:30;162;30;192
2025-12-18 09:45;164;37;201
2025-12-18 10:00;136;40;176
2025-12-18 10:15;134;43;177
2025-12-18 10:30;128;43;171
2025-12-18 10:45;180;52;232
2025-12-18 11:00;150;51;201
2025-12-18 11:15;188;61;249
2025-12-18 11:30;302;81;383
2025-12-18 11:45;428;102;530
2025-12-18 12:00;524;101;625
2025-12-18 12:15;326;79;405
2025-12-18 12:30;264;71;335
2025-12-18 12:45;488;116;604
2025-12-18 13:00;518;130;648
2025-12-18 13:15;596;162;758
2025-12-18 13:30;688;203;891
2025-12-18 13:45;702;226;928
2025-12-18 14:00;710;248;958
2025-12-18 14:15;636;228;864
2025-12-18 14:30;570;223;793
2025-12-18 14:45;436;192;628
2025-12-18 15:00;286;143;429
2025-12-18 15:15;208;148;356
2025-12-18 15:30;212;102;314
2025-12-18 15:45;122;58;180
2025-12-18 16:00;50;24;74
2025-12-18 16:15;18;13;31
2025-12-18 16:30;2;3;5
2025-12-18 16:45;0;0;0
2025-12-18 17:00;0;0;0
2025-12-18 17:15;0;0;0
2025-12-18 17:30;0;0;0
2025-12-18 17:45;0;0;0
2025-12-18 18:00;0;0;0
2025-12-18 18:15;0;0;0
2025-12-18 18:30;0;0;0
2025-12-18 18:45;0;0;0
2025-12-18 19:00;0;0;0
2025-12-18 19:15;0;0;0
2025-12-18 19:30;0;0;0
2025-12-18 19:45;0;0;0
2025-12-18 20:00;0;0;0
2025-12-18 20:15;0;0;0
2025-12-18 20:30;0;0;0
2025-12-18 20:45;0;0;0
2025-12-18 21:00;0;0;0
2025-12-18 21:15;0;0;0
2025-12-18 21:30;0;0;0
2025-12-18 21:45;0;0;0
2025-12-18 22:00;0;0;0
2025-12-18 22:15;0;0;0
2025-12-18 22:30;0;0;0
2025-12-18 22:45;0;0;0
2025-12-18 23:00;0;0;0
2025-12-18 23:15;0;0;0
2025-12-18 23:30;0;0;0
2025-12-18 23:45;0;0;0